34774,2,0
146043,4,0
100060,4,0
585,3,0
154386,2,0
148053,4,0
46948,2,0
103330,1,0
88489,all,1
60163,2,38
38716,5,0
17358,2,0
63670,1,0
62127,all,16
120088,2,0
51007,4,0
133980,2,0
65836,4,2
161378,2,256
51262,all,0
57316,2,0
47340,5,0
164240,4,0
122488,1,0
68795,all,191
38182,all,0
29542,2,0
34047,all,0
61285,3,22
137136,all,246
96460,3,0
3435,5,156
127162,5,0
13049,1,0
19962,2,0
13112,3,10
110906,3,87
35788,all,0
115453,4,0
142614,2,9
134391,2,0
23571,3,0
24222,all,0
34078,3,0
61143,4,2
65560,4,0
99920,5,0
78541,all,0
65476,3,0
60604,5,0
130696,3,0
88489,4,0
90619,all,0
41590,2,0
65023,2,0
33172,3,36
103184,4,0
29751,2,0
197,5,33
14291,2,0
71356,1,0
111401,3,4
86218,3,0
143196,4,0
56806,3,0
150528,2,0
112381,5,0
50374,3,0
38158,2,0
17610,1,0
79018,all,0
75949,3,0
78541,3,0
59548,5,0
29775,3,0
106249,5,0
53350,2,42
14663,2,68
109129,4,0
55750,2,0
130330,all,0
73432,4,0
65551,all,0
51346,3,0
86377,4,0
14321,1,0
162840,3,0
142422,1,0
105562,4,4
150834,2,0
135831,all,1
48919,5,0
93115,all,0
58399,2,0
91405,4,0
58959,1,0
148272,5,6
148053,3,0
120088,all,0
29751,5,0
88120,3,0
135033,5,0
70600,all,0
17754,5,0
55996,all,0
60364,all,0
22338,5,0
104764,4,0
135090,5,0
166581,1,0
106249,all,0
46750,1,0
77290,3,0
20088,1,0
105932,3,0
36589,1,0
116749,3,0
71933,4,0
129166,4,0
150003,3,0
164346,1,0
162900,2,0
139254,all,0
164406,1,0
122509,4,0
126046,2,0
122044,all,0
92873,1,0
12104,5,0
26622,3,0
157848,5,1
85339,5,0
41869,2,0
123628,5,0
58399,5,0
62964,1,0
122488,5,0
15170,2,2
166938,1,0
59596,3,0
65023,all,0
143583,all,0
54688,4,0
50389,1,0
137622,3,0
91183,2,0
8477,4,0
80701,2,0
122509,3,0
162171,1,0
48262,all,0
45223,4,0
24679,all,0
147669,3,0
28111,2,0
81343,all,0
82025,all,0
116764,4,0
70600,4,0
35788,5,0
141207,3,0
17199,4,0
120607,3,0
6939,5,0
28111,all,0
108874,4,0
71389,1,0
5303,2,0
162833,5,0
113929,2,0
57997,5,0
123928,all,37
55966,3,0
29262,5,0
70474,2,0
77360,4,0
120685,2,0
150585,5,0
91261,4,0
130330,4,0
148112,4,0
300,all,159
150905,5,0
140793,4,0
535,1,0
105865,5,5
120307,4,0
36379,1,0
53830,1,2
31344,all,27
106363,all,0
134336,1,61
21399,5,4
86311,3,0
2274,3,0
14321,2,0
22344,all,0
87082,5,0
9611,5,0
148119,3,0
77419,2,0
163074,4,0
33388,1,0
93808,all,0
26427,all,6
15257,2,2
119563,5,0
91183,4,0
75742,1,0
81343,2,0
61294,2,0
150483,1,0
63589,5,0
52645,2,0
150516,2,0
84988,1,0
55608,all,14
34078,all,0
148668,5,4
16926,4,0
90904,1,0
123571,5,0
24615,5,0
139959,4,0
85567,1,0
79192,5,0
19170,5,0
39718,1,0
161685,1,0
28887,all,43
147390,3,1
60061,5,0
36223,5,0
145269,3,0
155418,4,0
135273,3,0
35134,1,2
154815,2,0
125899,3,0
21399,2,14
39718,all,0
24867,1,0
148119,all,0
111964,3,0
140862,4,0
164484,3,0
93808,3,0
151251,1,0
104890,2,0
150360,1,0
32715,2,0
92873,2,0
138606,1,0
65271,5,0
127162,3,0
163290,5,0
74479,5,0
30442,1,0
47151,3,0
47134,1,0
123499,3,0
100126,1,0
122044,2,0
82025,5,0
146679,5,2
126058,5,0
36844,all,0
53110,5,0
161340,5,1
65578,all,0
109387,5,0
132570,2,65
36565,all,0
39783,all,0
51007,all,1
18063,3,0
32340,3,0
8903,all,0
102476,2,0
30574,4,0
39709,4,0
26307,1,0
163088,4,0
148053,all,0
164484,2,0
119596,3,0
14399,5,0
13037,4,0
36879,1,0
65023,4,0
51346,4,0
148569,5,0
161556,3,1
62502,3,0
130318,3,0
39436,2,1
36046,1,0
84763,2,0
147186,5,0
107596,5,0
43918,5,0
111401,5,0
130733,1,0
61102,2,0
91402,5,0
30574,1,0
121630,all,5
154815,3,0
54886,1,0
132539,4,0
125581,1,3
39796,all,0
99904,2,1
90545,3,41
70588,all,0
8207,all,0
62431,1,0
109336,1,0
104848,3,0
109390,1,0
89009,2,0
122173,3,0
94366,2,0
64381,1,4
160181,1,0
35299,4,187
136956,2,0
59590,3,0
150834,4,0
146043,5,0
167931,5,0
5219,all,0
161205,3,0
74215,1,0
61294,1,0
78541,2,0
117691,all,26
727,1,0
92827,5,0
9089,1,0
9754,2,0
31683,3,0
56212,1,0
109390,all,0
60163,all,335
116764,3,0
22338,3,0
41869,3,0
32484,2,0
63408,all,0
14207,all,36
82894,all,0
54732,1,0
13085,3,0
29542,1,0
9827,4,1
118234,3,0
24378,3,0
124837,4,14
148569,all,42
142782,1,0
29271,3,0
127693,1,0
164403,3,0
80611,5,0
38647,1,0
47230,all,0
12905,3,0
158388,3,0
31026,3,0
144273,5,0
51412,4,3
33796,2,0
63922,3,0
11534,1,13
9689,3,0
48277,2,0
107596,all,0
88924,4,0
149364,2,0
32484,3,0
58552,5,164
52678,all,0
41158,all,43
38158,all,0
55948,3,0
164703,4,0
38197,1,0
103267,all,0
4044,1,0
23571,5,0
137175,4,0
113308,1,0
120607,5,0
65593,2,0
14291,3,0
87064,1,0
137244,1,0
147255,5,0
161556,4,0
109213,3,0
19966,5,0
135477,1,0
138006,1,0
61540,2,0
113209,3,0
141207,all,22
86153,2,0
57316,5,0
13037,2,0
42883,all,0
92314,3,0
55750,1,0
127534,4,0
10949,5,0
114538,2,0
24264,1,0
104764,1,0
134469,4,22
38830,1,0
45223,1,0
28086,all,0
103261,2,0
11108,2,0
94171,1,0
91226,3,0
51346,2,0
128284,2,0
148275,5,0
121016,all,0
59548,3,0
38182,3,0
119563,3,0
96526,4,0
15413,1,0
65593,5,3
40198,1,0
114176,4,0
43429,2,5
147255,2,0
71275,4,4
133659,5,1
142418,3,108
8230,1,0
121033,4,0
73531,5,0
71933,5,0
16659,4,0
54717,4,0
28881,3,0
84923,2,45
142104,1,0
93019,1,0
104800,1,0
55608,3,5
99049,all,0
124837,3,13
162833,all,0
158171,3,0
65560,3,0
166581,4,0
143003,4,0
3279,all,0
38638,all,0
11068,all,43
33166,3,2
6572,3,1
300,1,6
163290,3,4
154002,5,0
72136,4,18
56764,1,0
33796,1,0
9574,3,0
47623,4,1
63670,all,0
48262,5,0
26622,5,0
70810,all,6
148193,2,0
122488,3,0
99049,3,0
41860,3,0
84811,2,0
135477,2,0
120286,5,0
108874,5,0
76231,all,0
71947,5,0
62431,3,0
97819,2,0
60133,all,0
51316,1,0
73342,1,0
55966,4,0
58552,all,1065
81356,2,0
116749,1,0
12223,all,0
52372,1,0
103390,5,0
131379,1,0
130318,5,0
14207,3,4
40207,2,0
41860,4,0
27195,5,3
25995,4,0
18958,all,0
103675,1,0
120307,3,0
110617,1,0
81358,3,0
154386,3,0
18030,1,28
149961,1,67
140250,3,8
70522,4,0
55591,3,0
38638,2,0
119098,2,0
49573,5,0
21399,4,62
99904,4,0
29751,all,0
51262,5,0
14471,all,0
24528,1,17
140661,2,0
159483,1,0
81520,3,1
64948,3,0
108958,5,0
57886,5,34
35134,4,24
152949,3,11
59590,5,0
65551,1,0
143583,1,0
150516,3,0
46750,all,0
24679,3,0
167931,3,2
137136,3,43
135072,5,0
136692,4,0
90545,all,548
8477,1,0
123571,4,0
34270,4,0
139959,5,0
55303,2,0
141395,2,0
151536,2,0
89009,3,0
38836,2,0
44815,all,0
58959,all,0
65494,5,0
49540,2,0
123166,1,0
150453,2,0
65236,2,0
155478,4,0
69115,1,0
100840,1,0
147420,4,35
24378,1,0
154911,2,0
99211,2,0
120697,2,0
149364,3,0
91007,4,0
141885,1,0
145269,5,0
70120,1,0
9551,1,0
30654,1,0
135963,all,2
84763,all,0
146679,4,21
16632,1,0
164484,5,0
27195,all,34
8903,1,0
111406,5,4
130780,3,0
19966,2,0
38695,4,0
111401,all,16
43918,all,0
61294,3,0
122173,all,0
30940,1,0
141885,4,1
126175,3,0
19914,all,8
28174,2,0
72667,all,1
104776,3,0
38830,2,0
74794,1,0
163088,5,0
146679,3,17
90619,5,0
135963,2,2
22108,1,13
97900,3,0
24198,all,0
42883,4,0
157848,2,0
126175,4,0
3024,3,0
28111,1,0
62964,all,0
152772,2,0
82606,4,5
53446,1,0
92098,2,0
49612,5,0
114172,3,0
152787,2,0
156702,2,0
11255,all,0
145308,2,0
70012,1,0
138645,4,0
167376,1,0
10949,2,0
164346,all,0
11068,5,9
167265,5,0
8393,5,0
106702,5,0
48919,2,0
58444,2,0
94087,2,0
81466,4,0
137649,4,0
24528,2,35
65023,3,0
100060,2,0
130168,5,0
150126,5,0
152331,5,0
31491,5,1
49732,4,0
56797,5,0
84634,5,0
63670,3,0
99049,4,0
58119,all,0
26427,1,0
51007,2,0
28887,5,19
15191,2,9
71275,2,3
150453,5,0
76240,1,0
1967,3,0
47206,all,0
147699,2,0
88489,5,0
31491,all,18
161850,5,0
161238,2,16
69115,4,0
61285,1,22
55957,2,0
24018,4,0
60364,1,0
9574,all,0
47335,5,0
39718,2,0
34108,5,0
8393,all,0
110906,1,30
130397,1,9
26679,1,0
31344,5,5
102094,3,0
9551,2,0
70444,4,0
25986,4,0
152784,all,0
164406,5,0
149832,4,11
57271,all,0
150905,all,0
163088,3,0
99920,3,0
60096,3,0
49612,all,0
88969,2,0
149943,4,1
46750,4,0
60109,4,0
54469,1,0
1765,2,0
59740,5,0
33133,4,0
46708,1,0
34894,4,0
9595,all,0
147705,2,0
118249,1,0
71449,1,0
65713,4,20
22338,4,0
97900,4,0
142683,2,0
143196,2,0
49612,2,0
159354,5,0
103855,2,1
138576,2,0
149832,all,36
111931,2,0
92098,1,0
99049,2,0
29775,1,0
41860,2,0
88924,1,0
46942,1,0
145308,1,0
136668,2,0
77017,1,0
135963,5,0
162840,4,0
120238,2,0
86377,3,0
62940,all,46
145269,all,0
32869,3,10
108124,all,1
25839,3,2
126046,4,0
113242,1,0
51412,3,5
152331,2,0
84586,2,0
108124,1,1
108958,3,0
139254,5,0
46948,1,0
132539,1,0
17574,4,0
22344,1,0
81358,2,0
149712,3,0
120697,3,0
94156,4,0
99376,4,6
121081,all,0
13282,2,12
44815,5,0
133659,4,16
77290,5,0
161378,1,238
135090,all,0
31026,all,0
111931,3,0
39190,4,0
54717,3,0
164436,5,0
37060,1,128
156561,4,0
149340,1,0
6939,4,0
124666,1,0
45247,1,0
167931,all,3
105784,5,0
727,2,1
54511,2,0
61285,4,39
78476,1,0
94366,1,0
108958,all,0
123871,1,0
122173,2,0
16235,3,0
55303,3,0
12485,4,5
86122,1,0
42355,1,0
41869,4,0
8230,4,0
62964,3,0
89257,3,0
166938,3,0
110680,5,2
72136,5,65
26562,1,0
151251,2,0
92137,2,0
126058,2,0
142614,1,1
9574,2,0
139959,all,0
13037,5,0
109532,3,0
34078,4,0
82606,all,8
151025,4,74
65560,5,0
24264,all,0
46942,4,0
30174,1,0
12940,3,0
63718,3,0
16235,4,0
65479,5,0
24198,2,0
102476,3,0
96526,all,0
116764,2,0
94046,3,0
14399,all,0
116248,3,0
106634,all,0
92542,1,0
197,all,98
159354,2,0
13085,2,0
24174,1,0
164535,5,0
51346,1,0
75706,1,0
148668,4,10
127534,all,0
38341,2,0
73342,2,0
106714,3,1
65578,4,0
58630,3,1
122476,1,0
8879,2,0
38695,all,0
161340,all,10
167289,1,0
47230,1,0
130330,2,0
79066,3,0
121016,3,0
41860,5,0
115207,5,0
24528,all,113
54661,2,0
156659,all,0
146679,all,47
103675,2,0
22938,2,0
152787,4,0
6572,all,11
145284,3,0
108874,all,0
163290,all,4
121195,4,0
47340,1,0
141395,5,0
94366,5,0
76231,2,0
140661,3,0
11447,2,1
3279,5,0
64948,4,0
48919,4,0
32439,5,0
81343,4,0
47151,2,0
91405,3,0
57268,4,0
113308,all,0
147185,all,0
129166,1,0
16241,1,9
151776,2,219
11987,3,0
47206,3,0
121417,1,0
21570,1,0
96025,1,0
85567,3,0
19170,3,0
164631,3,0
160626,2,0
154002,all,0
61540,3,0
76240,3,0
20088,2,0
164403,2,0
136692,all,0
112729,1,0
31299,5,17
132849,5,9
111964,1,0
93808,5,0
131835,3,0
9533,2,0
19914,4,4
9611,3,0
161850,3,0
164286,1,0
148569,4,31
35911,2,1
70810,3,1
97819,5,0
65578,2,0
70270,2,0
129166,all,0
99904,all,1
33037,5,0
71933,all,0
89257,2,0
91183,1,0
147186,4,0
88888,3,0
89362,all,0
82840,5,0
123499,1,0
70600,3,0
54781,3,0
92137,1,0
100015,1,0
37060,all,763
154002,4,0
15413,all,0
8903,2,0
60163,4,63
153591,1,0
43429,3,5
151374,1,0
135090,2,0
42391,4,0
109213,all,0
73432,all,0
92314,all,0
49885,4,0
26667,1,0
102478,1,0
136034,3,0
136956,all,5
115453,3,0
118792,all,0
56845,all,0
30915,2,0
120607,2,0
96688,5,0
165345,5,31
59740,3,0
24366,2,0
22344,4,0
23571,all,0
5519,2,0
100267,3,22
5219,3,0
161556,1,0
42883,5,0
62502,5,0
126175,5,0
22338,2,0
5949,all,0
16434,all,0
113465,4,3
79018,2,0
41884,all,0
95722,1,0
54661,1,0
135153,2,0
47605,3,0
136722,3,0
30927,1,0
135921,5,0
87277,5,0
154203,4,0
39133,4,0
85339,all,0
11068,4,30
32019,5,0
167265,4,0
99211,5,0
126061,4,0
58630,all,2
148119,2,0
150528,1,0
113465,1,0
167289,all,0
125563,1,0
77161,1,0
50470,4,0
63922,2,0
78541,4,0
150585,all,0
16659,all,0
112540,4,0
65560,all,0
18030,2,12
146001,2,0
53116,2,0
197,2,2
11068,3,0
9215,1,0
17754,all,0
80575,2,0
31299,2,11
47340,2,0
6572,2,0
154815,1,0
18063,all,0
112600,3,0
42829,all,0
102362,4,0
109771,2,0
130699,4,0
46147,2,0
68795,4,37
61390,all,12
727,4,3
119596,all,2
82894,5,0
62623,1,6
158388,1,0
31026,5,0
105932,all,16
80665,all,0
137175,1,0
25986,3,0
100840,2,0
111949,2,0
150087,4,0
144420,3,58
109387,4,0
112729,3,0
13064,1,0
56806,all,0
164703,2,0
70120,2,0
30087,3,0
113275,5,0
9611,2,0
69106,3,0
102094,5,0
129257,2,13
166938,5,0
120271,1,0
148275,4,0
91183,all,0
15170,1,2
81244,2,0
30915,1,0
123928,1,9
87064,3,0
80701,1,0
137244,3,0
86953,all,0
161556,2,1
109213,1,0
20499,3,0
139959,3,0
166068,3,0
24222,5,0
15170,4,14
101615,3,0
141207,2,3
120685,all,0
92314,5,0
32754,4,25
123928,4,6
22938,4,0
144540,1,0
5303,1,0
144420,2,38
154203,3,0
19869,3,1
9754,3,0
3435,all,1104
11108,4,0
151536,3,0
94171,3,0
141369,1,0
48919,1,0
164535,all,0
34047,5,0
91291,3,0
3279,3,0
38182,5,0
156696,1,0
36046,all,11
47134,4,0
38638,5,0
125581,4,3
24679,4,0
65517,all,0
63408,4,0
26622,4,0
94156,5,0
134336,2,64
109390,4,0
167349,4,0
77360,2,0
300,5,46
54688,all,0
79192,all,0
163074,3,0
123571,all,0
42093,4,82
120286,4,0
46708,all,0
55608,5,1
103261,3,0
141369,all,0
122509,all,0
123871,2,0
63547,2,0
95722,3,0
85567,2,0
148569,2,1
30442,all,0
10991,2,0
64768,1,0
9425,2,2
145137,2,0
16241,4,47
17574,all,0
82840,3,0
9574,1,0
47662,4,0
11534,2,0
83563,5,0
108265,5,0
77017,4,0
3024,all,0
55948,all,0
23671,3,0
71005,3,14
63589,all,0
130168,all,3
70270,3,0
49885,2,0
105562,5,0
60133,4,0
28086,3,0
24183,4,0
140793,3,0
85177,3,0
5949,1,0
91261,1,0
58372,5,0
78476,all,0
120607,4,0
10943,1,0
20166,all,0
73342,3,0
145968,4,0
19962,all,0
11255,5,0
72952,3,0
32484,1,0
42883,3,0
92188,2,0
107567,2,0
18435,5,1
77290,2,0
78346,2,0
114811,4,0
74479,2,0
105301,5,0
81145,4,0
89009,all,0
57997,all,0
110617,3,0
585,2,0
35740,2,0
106714,5,0
92098,all,0
87277,3,0
28881,4,0
17610,2,0
113209,all,0
38638,4,0
81520,5,0
38581,3,2
11108,1,0
17392,5,0
85177,2,0
19914,5,1
121033,1,0
152949,5,1
148119,4,0
12659,all,12
36879,all,0
110680,2,0
44580,all,0
30574,2,0
151776,1,402
120397,3,0
136692,2,0
164484,4,0
12659,1,1
24615,2,0
94666,1,2
164484,all,0
33172,all,223
99802,4,45
53116,4,0
43162,1,0
120238,1,0
89009,1,0
38836,4,0
43918,2,0
35788,4,0
149598,5,3
31299,4,26
130408,3,14
142104,4,0
535,4,0
165981,all,0
66220,1,0
132539,2,0
156660,4,0
131835,2,0
104890,5,0
120697,4,0
102362,2,0
57997,4,0
135831,5,0
29262,4,0
70120,3,0
31344,2,5
144420,all,242
31299,3,3
148112,5,0
10325,5,2
54781,4,0
155708,1,0
162939,4,0
149340,2,0
8903,3,0
9754,5,0
33037,3,0
150087,2,0
133962,1,0
102478,2,0
42355,4,0
80078,4,15
161556,all,4
136017,4,1
57886,all,96
137649,5,0
26679,all,0
28810,3,0
14960,4,0
111017,1,0
12905,4,0
122476,2,0
30087,5,0
109945,2,0
130168,4,3
65476,1,0
13282,all,158
5141,3,12
116764,all,0
53830,4,1
151025,3,66
63670,2,0
3024,1,0
104536,4,0
82606,2,0
12104,4,0
103390,4,0
166800,3,0
85852,5,0
52381,4,0
131442,3,0
152439,1,0
51412,2,0
30378,5,0
143583,4,0
97672,5,0
45268,2,0
53350,1,72
99019,all,89
32754,2,3
149304,2,0
14714,3,0
49540,all,0
164631,all,0
165969,1,0
68077,2,80
87064,2,0
167265,3,0
120286,all,0
12223,2,0
113389,1,0
137649,2,0
56212,4,0
94046,2,0
18435,2,0
155418,1,0
82846,3,0
154800,3,0
47605,5,0
40255,all,0
78541,5,0
26622,all,0
135072,4,0
103267,1,0
63670,5,0
54511,3,0
16434,1,0
26622,2,0
121450,3,0
19869,2,1
31713,1,0
49540,3,0
11108,all,0
123166,2,0
38647,4,0
93115,3,0
39709,5,0
11987,4,0
26562,2,0
54886,4,0
69115,2,0
111949,5,0
55957,4,0
147420,3,211
65517,3,0
13013,4,0
103261,5,0
68795,5,59
58399,3,0
38830,4,0
94666,all,8
62502,2,0
109771,all,0
24198,3,0
53140,3,0
109129,all,0
145137,4,0
54469,3,0
61102,3,0
30486,4,0
89185,2,292
300,2,40
38695,3,0
108265,3,0
30940,2,0
46942,3,0
47206,5,0
148275,all,0
88888,4,0
103330,all,0
136017,3,0
151739,all,376
17523,1,0
16659,2,0
58366,3,0
31713,5,0
28086,5,0
106363,3,0
26562,3,0
142104,3,0
142683,4,0
8474,5,0
166167,all,12
136017,all,1
161238,3,10
142680,2,0
47557,1,0
38095,5,2
166581,2,0
10931,2,0
89257,5,0
58119,3,0
61695,4,16
152772,1,0
68377,all,0
151739,1,31
149961,5,105
41655,5,275
52678,1,0
121597,1,1
154038,5,0
38758,3,0
156561,5,0
24366,4,0
38581,all,5
150528,all,9
46147,all,0
26115,5,0
46933,3,0
123017,3,0
149304,1,0
47206,2,0
91291,2,0
25839,1,2
156660,all,0
167376,5,0
14920,all,0
121033,3,0
12223,1,0
131379,2,0
150585,3,0
71449,3,0
77419,1,0
32340,2,3
92188,3,3
14207,2,6
155418,2,0
15584,3,0
135153,1,0
131676,all,0
164240,all,0
81244,all,9
150126,1,1
97672,2,0
79276,1,0
94414,5,0
83405,2,32
81358,4,0
149712,1,0
133980,all,0
147153,4,0
28887,4,10
58119,2,0
81196,4,0
50470,all,0
162744,3,0
14920,1,0
10991,5,0
167289,4,0
87064,all,0
55948,2,0
164703,5,0
39190,2,0
149304,all,0
77161,2,0
61285,2,16
92542,all,5
26427,4,5
123871,3,0
55303,1,0
28056,4,0
38797,2,0
103198,1,0
149364,5,0
35700,5,0
57997,2,0
166875,1,0
60061,3,0
26290,1,0
30951,all,0
100126,2,0
127081,5,0
109532,1,0
81145,all,0
113881,5,0
52372,all,0
150360,all,0
30174,3,0
91291,all,0
10949,4,0
135033,2,3
141395,4,0
161685,all,1
55159,4,6
149364,all,0
77360,all,0
49885,1,0
113293,3,0
92542,3,0
75742,4,0
78365,all,0
32782,4,2
49885,all,0
13085,all,0
9754,1,0
42652,4,0
132465,5,0
54688,3,0
10943,2,0
84586,4,0
154911,4,0
36879,2,0
73342,4,0
65713,5,37
47662,all,0
127018,all,533
116389,5,0
152439,all,0
112540,3,0
135273,4,0
38158,3,0
60382,4,0
154800,2,0
102476,all,0
158388,all,0
85852,3,0
68440,4,0
130699,5,0
84586,5,0
51316,4,0
146679,2,5
120586,5,0
161340,1,0
105436,5,3
97672,3,0
131742,all,0
45190,1,0
62479,1,0
143003,5,0
37645,4,140
44815,2,0
67936,5,155
131676,2,0
22282,5,1
54511,all,0
142104,all,0
150483,5,0
129166,3,0
70444,1,0
47662,3,0
127807,3,0
82846,5,4
148053,2,0
32019,all,0
47623,5,0
12659,2,0
18958,1,0
19170,1,0
132570,1,3
104848,5,0
57079,all,0
52564,4,10
116389,2,0
125563,all,3
29631,1,0
60133,1,0
130408,4,1
47335,all,0
164436,4,0
26307,2,0
105613,3,1
53140,all,0
138645,2,0
113035,3,0
34894,1,0
48277,5,0
54790,2,0
96460,5,0
135831,4,1
103675,all,0
73768,2,0
62940,2,1
58444,4,0
41869,5,0
58462,4,0
142683,5,0
58552,2,77
19914,3,1
159483,4,0
164535,1,0
38182,2,0
104776,all,0
140181,4,0
55318,5,0
102811,4,0
153591,3,2
14393,1,0
142782,4,2
30486,2,0
34078,5,0
125935,1,0
62431,2,0
39436,3,1
116248,all,21
39796,2,0
102955,5,0
25839,4,9
119041,all,209
39783,3,0
147699,4,0
54732,all,0
124906,2,0
124666,3,0
30915,4,0
84811,all,0
55608,2,0
52645,all,0
106363,5,0
46933,2,0
118750,5,0
24018,1,0
14291,4,0
78472,2,0
34270,5,0
108475,2,0
137244,4,0
13064,all,0
154908,3,0
111401,1,2
85567,all,3
143867,2,0
86218,1,0
52381,5,0
80665,4,0
24183,1,0
61695,2,2
42301,2,2
151374,all,0
91226,2,0
149961,3,78
156660,3,0
5141,5,28
149832,2,6
17667,1,0
119596,4,0
53110,2,0
167265,2,0
40438,3,0
76231,1,0
88969,5,0
86218,all,0
31026,4,0
124906,3,0
31491,2,2
121195,1,0
88831,4,0
15584,5,0
148053,1,0
56806,4,0
14714,5,0
29751,3,0
94414,3,0
116314,1,0
88120,1,0
32869,2,2
62940,3,5
143514,4,0
40207,3,0
92542,2,0
36589,3,0
63547,1,0
69106,2,0
8207,3,0
54732,5,0
130397,4,10
111017,4,0
108124,2,0
150003,5,0
57886,2,14
81244,3,3
105613,4,4
15200,4,2
119041,5,6
162900,4,0
102476,5,0
60358,5,0
23692,4,0
121450,5,0
92536,4,0
62623,3,20
124111,4,7
86953,2,0
148193,3,0
137592,5,0
147390,5,0
31683,all,0
11534,5,0
22338,all,0
55996,5,0
137622,1,0
33133,1,0
164406,all,0
96460,all,0
36379,4,0
102362,1,0
120088,5,0
12485,all,9
45223,2,0
61558,5,0
13282,1,28
88432,all,0
106702,4,0
160626,all,1
53140,5,0
29271,2,0
70120,4,0
147669,1,0
8267,1,0
104536,3,0
38197,5,0
120271,3,0
54388,2,18
48025,3,0
68377,1,0
70490,all,0
73432,3,0
144954,1,0
30915,3,0
120607,1,0
96688,4,0
42652,2,0
33172,4,70
149340,all,0
48262,3,0
70522,5,0
20499,5,0
131448,4,0
26667,4,0
55966,1,0
116764,1,0
58366,5,0
40255,3,0
67435,1,3
151251,5,0
42301,1,0
8474,3,0
105865,3,3
104800,2,0
142782,all,8
130397,all,102
38341,1,0
120397,2,0
137136,2,28
28113,4,0
53830,3,1
109129,3,0
86153,4,0
21399,3,1
86311,1,0
35911,5,2
151536,5,0
148119,1,0
131934,2,0
143867,5,0
17946,3,0
27462,5,9
82840,2,0
50485,5,0
9590,2,0
40198,5,0
121417,all,0
150516,4,0
81358,5,0
47662,5,0
8426,all,0
44580,2,0
49732,all,0
164666,all,0
167349,2,0
103261,4,0
55303,all,0
60109,5,0
114811,1,0
8933,3,0
57493,all,0
78365,5,0
26290,all,0
59740,4,0
65236,1,0
99706,all,0
26307,4,0
137136,5,73
15200,3,6
158387,3,0
85177,all,0
99019,1,22
119098,5,0
109532,all,0
123871,4,0
17358,1,0
47557,4,0
85567,4,2
132051,1,3
64768,3,1
35740,all,0
154002,1,0
73768,4,0
156659,4,0
62964,4,0
38758,2,0
47151,5,0
47335,3,0
106634,3,0
41655,all,1107
21570,all,2
127081,4,0
65236,all,2
151776,4,48
62127,5,2
83563,3,0
39133,1,0
17358,4,0
71005,1,8
69106,all,0
28881,5,0
81229,5,0
113209,1,0
102955,3,0
1967,2,0
33166,2,0
120286,1,0
106634,4,0
32340,5,0
108874,1,0
58372,3,0
93019,all,13
140181,all,0
116878,3,0
153591,2,0
78286,5,0
167001,1,0
73342,5,0
40438,2,0
72952,1,0
99376,5,8
101615,all,4
113293,5,0
11447,all,42
130318,1,0
77290,4,0
101896,5,0
166068,4,0
105301,3,0
136034,2,0
47557,all,0
130733,3,0
123871,all,0
14393,4,0
39190,5,0
115453,2,0
9707,all,0
78958,2,0
91007,all,0
57943,3,0
118792,1,0
156660,5,0
52645,3,0
114176,1,0
156702,all,0
40173,all,0
107578,2,0
42391,1,0
94171,all,0
86153,1,0
32715,all,1
12485,5,1
38581,5,0
11108,3,0
15191,3,33
17392,3,0
38158,5,0
60382,1,0
30486,5,0
9707,5,0
59590,1,0
110680,4,5
149961,all,417
88489,2,1
30444,all,0
161205,5,0
24366,3,0
150516,all,0
113293,all,0
30927,2,0
121081,4,0
63408,3,0
113929,5,0
55591,2,0
9754,4,0
43162,3,0
164286,4,0
77360,1,0
53446,all,0
136017,5,0
87181,all,0
22282,3,0
40173,3,0
149598,3,0
113465,2,1
116248,2,3
75871,4,2
151739,5,90
103330,5,0
71152,2,0
51316,all,0
108124,4,0
68440,all,0
118234,5,0
54661,all,1
60382,all,0
11068,2,2
56647,5,0
126061,2,0
28887,3,3
73342,all,0
105562,2,0
154911,all,0
30654,5,0
78286,all,0
75871,3,1
93115,5,0
88489,3,0
63922,5,0
80062,4,6
22938,3,0
45268,all,0
103580,5,0
83563,4,0
86311,4,0
2274,2,0
149364,4,0
34108,3,0
137649,3,0
65494,2,0
90619,1,0
9659,5,0
38197,3,0
47605,4,0
57268,5,0
124111,1,0
137175,2,0
91402,2,0
12940,all,0
41590,5,2
128284,all,0
30940,all,0
129257,all,78
16632,2,0
9689,all,0
164406,3,0
162171,all,0
164666,5,0
14291,5,0
35740,5,0
145968,5,0
64477,1,0
152784,4,0
72952,2,0
166800,5,0
107245,3,3
131442,1,0
92536,all,0
40198,all,0
56845,2,0
50485,all,5
145269,2,0
92542,4,5
147699,1,0
105301,4,0
30378,3,0
54388,3,39
70600,1,0
125899,4,1
56821,1,0
143867,all,23
24867,2,0
139254,2,0
162900,all,0
162006,all,10
134391,3,15
111949,4,0
15200,all,16
149304,4,0
116878,1,0
87064,4,0
167265,1,0
106702,1,0
104764,3,0
69115,all,0
68077,all,321
54717,all,0
13049,4,0
22108,5,19
42093,5,0
154800,1,0
166068,all,0
82105,all,0
152331,1,0
59548,1,0
74794,4,0
162840,all,0
141207,1,2
127693,4,2
11921,1,0
84634,1,0
162900,1,0
158387,2,0
40198,3,0
114176,all,0
92137,5,1
14920,4,0
142422,5,0
23160,2,0
143514,5,0
121016,2,0
65023,5,0
80611,2,0
128749,3,2
535,3,0
93019,3,4
59740,2,0
120697,5,0
124837,1,2
35700,2,0
92536,5,0
80528,1,0
62502,4,0
42004,5,0
138645,all,0
36046,2,3
147669,4,0
81034,3,0
31344,1,2
60163,1,47
13064,4,0
163074,2,0
61102,1,0
15257,4,0
57274,2,0
116749,all,0
89185,4,231
41590,all,5
134676,5,0
40693,4,0
124906,all,4
92873,5,0
88888,all,0
150360,5,0
109390,2,0
48277,3,0
63408,5,0
120685,1,0
15191,all,134
64768,2,1
9425,3,0
150003,all,0
57079,2,0
83671,2,0
26679,2,0
63652,5,0
90619,2,0
50887,all,512
61561,1,0
45268,5,0
138645,3,0
36565,3,0
96223,3,0
24867,3,0
105802,3,0
8426,4,0
61558,3,0
10931,4,0
55966,2,0
89362,2,0
81196,5,0
94087,all,0
152784,3,0
9425,4,7
94046,5,0
117691,1,0
37060,2,39
27462,2,3
30378,4,0
7716,5,3
47662,2,0
46933,1,0
149304,3,0
16926,1,0
147705,1,0
145284,4,0
84556,2,0
49573,3,0
20166,1,0
9827,all,2
142782,2,0
127018,1,43
39412,5,1
41884,3,0
90367,1,0
150585,1,0
140661,4,0
92188,1,0
64948,1,0
24183,2,0
105301,all,0
79066,all,0
35134,2,0
33982,1,0
9707,3,0
50485,4,2
58959,4,0
150516,5,0
39709,2,0
135072,3,0
119596,1,0
121417,2,0
34270,2,0
80575,4,0
86377,5,0
28887,2,7
16043,all,0
160626,1,0
67435,all,8
83405,1,36
36046,3,1
114811,2,0
35299,all,476
49540,4,0
75742,5,0
40173,5,0
113308,2,0
151739,3,57
11987,5,0
585,5,0
54886,3,3
120397,all,0
148668,1,1
86311,all,0
71152,4,0
123871,5,0
24615,1,0
90545,1,59
85567,5,1
103198,3,0
28881,2,0
158171,4,13
117850,1,0
11447,5,14
23160,5,0
8933,5,0
146967,3,0
76240,5,0
100015,all,0
30654,3,0
13037,1,0
127081,3,0
79066,1,0
23692,all,0
74215,3,0
84923,all,186
105436,4,16
30174,5,0
22938,5,0
32782,all,9
32439,3,0
65479,1,0
23692,1,0
31683,1,0
70522,all,0
93187,4,0
56212,3,0
72952,all,0
88888,5,0
73531,2,0
104776,1,0
75871,all,4
24174,5,0
39783,4,0
27195,2,3
126058,1,0
142842,1,0
75706,5,2
54688,5,0
156660,2,0
47605,2,0
9533,5,0
88432,1,0
54388,all,284
38095,4,0
152439,2,0
138840,2,0
49573,2,0
47623,all,1
89362,1,0
164403,1,0
55159,1,5
106057,3,0
150483,all,0
80665,3,0
4044,all,2
17199,5,0
33796,4,0
159354,3,0
48277,4,0
26079,5,0
30918,1,0
197,3,23
37645,2,45
167376,4,0
64381,all,87
58462,5,0
19962,1,0
130733,5,0
16241,5,18
28026,1,0
105865,4,7
145050,5,0
33982,2,0
14471,5,0
81358,all,0
47623,3,0
150834,5,0
113308,3,0
121417,5,0
79531,1,0
61390,1,2
121630,1,0
127693,all,2
5949,5,0
23671,2,0
99211,3,0
148193,all,0
14920,2,0
64381,5,4
1967,5,0
124666,2,0
119041,2,0
81034,all,1
5519,1,0
131451,1,0
92827,1,0
134469,all,63
22108,2,9
116749,5,0
56647,4,0
97819,1,0
109771,1,0
152439,5,0
147153,1,0
19170,4,0
91007,3,0
58462,2,0
9089,all,0
76231,3,0
8426,1,0
161378,3,269
159483,2,0
164535,3,0
105932,5,0
128284,5,0
105802,5,0
26655,2,0
77314,1,0
60096,1,0
135477,all,0
50470,5,0
65479,2,0
162833,4,0
17199,all,0
78346,5,0
82894,3,0
113161,4,0
157848,3,1
77017,all,0
61558,all,0
26290,4,0
103580,all,0
40438,all,0
124666,5,0
31938,1,0
68440,1,0
57079,4,0
164703,all,0
127870,1,0
93881,1,0
156702,3,0
46708,3,0
28113,all,0
84923,5,45
118750,3,0
104800,3,0
138576,1,0
164666,4,0
78472,4,0
96223,5,0
108475,4,0
51262,1,0
18958,5,0
94414,all,0
123571,1,0
113275,3,0
6572,1,0
42301,4,5
94171,2,0
54661,5,0
41158,1,10
46708,4,0
120586,4,0
33796,3,0
26562,all,0
585,all,0
136668,4,0
47623,2,0
164666,3,0
87064,5,0
56797,2,0
58462,all,0
38647,all,0
136034,all,0
96025,4,0
114538,5,0
147255,1,0
120347,1,1
103184,1,0
40438,1,0
30918,2,0
88969,3,0
39436,all,26
107245,5,4
84556,4,0
46147,5,0
150528,5,0
70270,all,0
166167,1,1
41884,5,0
57316,1,0
29542,all,0
75949,4,2
55750,5,2
78349,3,0
26667,all,0
17523,4,0
142422,4,3
117691,4,16
56212,all,0
30567,5,0
94171,5,0
38197,4,0
102478,all,0
81244,1,1
25995,2,0
60391,all,0
99019,4,32
63589,3,0
103675,3,0
134676,4,3
150360,4,0
57274,all,0
60358,3,0
55591,1,0
38797,4,0
101896,all,0
89257,all,0
28026,4,0
52381,all,0
42004,4,0
94087,5,0
86953,4,0
148193,1,0
168348,4,16
34047,2,0
114172,4,0
106057,all,0
162875,5,0
39412,all,6
140181,5,0
93019,5,0
97672,4,0
36379,2,0
26655,1,0
152772,all,0
63652,all,0
96283,4,3
14960,all,0
63718,1,0
81356,1,0
81196,2,0
151536,4,0
104536,1,0
149943,3,0
39709,all,0
65271,3,0
124906,1,0
36223,2,0
116248,5,0
121597,2,0
68377,3,0
156696,2,0
56764,5,0
30915,5,0
81196,all,1
24174,3,0
36565,4,0
52711,4,0
47151,all,0
100840,3,0
75706,3,0
118750,4,0
162939,all,0
38797,all,0
77419,all,0
109387,3,0
8879,4,0
80251,2,0
161685,2,0
9425,5,0
71275,1,9
105562,3,0
38797,1,0
40255,5,0
63652,3,0
85177,5,0
42301,3,0
160181,4,0
129257,1,15
32439,all,0
7716,4,29
137136,4,69
92873,all,0
109129,1,0
145284,5,0
13013,5,0
20166,2,0
135033,4,8
1765,1,0
161340,2,0
37645,3,72
81196,3,1
11255,3,0
107446,5,10
131934,4,0
140661,5,0
64948,2,0
156659,5,0
156696,5,0
47151,4,0
145137,5,0
57268,2,0
112600,4,0
116878,all,0
85852,all,1
15584,4,0
62127,4,9
18030,5,23
146001,3,0
55318,2,0
70012,4,0
36879,4,0
38716,3,0
116764,5,0
166800,2,0
28056,1,0
26679,5,0
92098,4,0
54732,4,0
61143,1,0
15200,5,5
116809,1,0
158387,1,0
151251,all,0
99019,3,9
8477,5,0
131835,1,0
38716,4,0
18958,2,0
16434,4,0
150360,3,0
116809,all,0
132051,3,4
89257,4,0
104776,4,0
127081,2,0
61143,all,4
70490,5,0
13085,5,0
56821,all,0
26115,4,0
79996,2,4
33388,all,1
38341,5,0
52564,2,7
70120,5,0
72667,1,0
8267,2,0
42391,all,0
164436,all,0
91261,5,0
71389,all,0
28810,4,11
164535,2,0
58372,1,0
123017,5,0
130696,5,0
144954,2,0
161205,4,0
16632,5,0
111406,1,19
65517,2,0
22344,2,0
63922,all,0
5519,4,0
33172,5,89
9689,5,0
30444,2,0
48262,4,0
99920,4,0
58444,1,0
80251,1,0
66811,3,0
130397,3,21
48352,2,0
39190,3,0
79645,2,0
50374,5,0
141369,4,0
114176,3,0
149598,all,9
46708,2,0
109129,2,0
86153,3,0
71449,all,3
68077,1,62
12485,1,1
99920,1,0
131448,1,0
56821,3,0
15191,1,36
17392,1,0
53446,5,0
106057,5,0
49612,1,0
16659,3,0
78472,all,0
60109,2,0
150528,3,2
133980,5,0
60604,1,0
158388,4,0
155708,4,0
125563,3,0
28174,3,0
113929,all,3
135273,all,0
63922,4,0
10325,2,1
12659,5,0
132849,2,14
47134,all,0
26079,3,0
100267,2,9
55996,2,0
147705,4,0
93808,2,0
5949,4,0
30174,2,0
12940,2,0
71389,4,0
110906,all,280
88969,all,0
138606,all,0
9595,5,0
163290,4,0
112381,1,0
87181,5,0
38197,2,0
130168,1,0
92098,3,0
31491,1,7
148272,4,2
32754,all,28
74215,4,0
100840,all,0
36589,5,0
65593,3,12
56647,3,0
71005,4,18
28887,1,4
75388,all,0
61540,all,0
32869,1,3
18063,2,0
142418,5,75
79018,4,0
113242,3,0
31938,4,0
168348,2,4
105802,all,0
23799,5,0
107245,all,21
39709,3,0
84811,5,0
9964,5,0
32754,1,0
14960,1,0
122509,5,0
34108,1,0
91007,5,0
137649,1,0
99376,2,4
20088,5,0
30087,1,0
9659,3,0
69106,5,0
26562,5,0
150087,all,0
91402,4,0
70012,all,3
37060,3,255
156561,2,0
136956,5,1
52711,2,0
142680,1,0
23692,2,0
41869,all,0
84634,all,0
10931,1,0
16235,1,0
52564,5,10
42355,3,0
142418,2,63
123628,1,2
113242,2,0
121232,3,0
54469,5,0
54388,1,37
46708,5,0
109945,1,0
150905,3,0
57943,4,0
4044,4,1
65567,3,0
156560,3,0
120697,1,0
144540,3,0
38095,3,0
82840,4,2
147132,all,0
154203,1,0
13049,2,0
94156,all,0
133962,4,0
30567,2,0
31938,all,0
24366,all,0
148119,5,0
150585,4,0
80575,5,0
59311,1,0
156561,3,0
6939,1,0
55750,4,0
49732,1,0
120307,5,0
144540,4,0
22282,all,12
140250,5,1
78476,2,0
123571,3,0
80078,5,0
26667,2,0
29262,1,0
58630,1,1
134469,1,5
166167,4,9
151536,all,0
29271,all,0
100060,all,0
167289,3,0
80611,4,0
99706,1,0
150003,2,0
85339,4,0
103330,4,0
154815,4,0
63589,4,0
78349,5,0
30951,2,0
97672,all,0
103261,1,0
132465,4,0
8426,5,0
21570,2,1
85339,1,0
16434,2,0
81034,1,0
32715,4,1
76231,4,0
60061,4,0
59596,2,0
164703,3,0
30442,4,0
57274,4,0
102811,2,0
136722,2,0
105784,1,0
122509,2,0
38830,all,0
118792,4,0
55957,3,0
47206,1,0
23671,5,0
73432,1,0
91804,1,0
38197,all,0
8879,1,0
161685,5,0
70270,1,0
79996,4,3
65271,4,1
154002,2,0
64768,all,6
72136,1,31
137592,3,0
83671,4,0
28174,all,0
61561,3,0
57316,4,0
105802,1,0
140862,1,0
29542,4,0
10325,all,6
32484,5,0
89362,4,0
135072,all,0
39436,4,19
156659,2,0
92542,5,0
17199,2,0
81466,1,0
60358,all,0
13112,1,18
100126,5,0
70588,1,0
104890,all,0
33388,4,0
79645,4,0
585,4,0
132465,3,0
134391,4,43
149304,5,0
99211,all,1
43429,1,1
20166,3,0
164631,4,0
88831,1,0
97900,5,0
39412,3,1
90367,3,0
62623,2,3
102478,3,0
10931,all,0
140793,2,0
8933,all,0
23160,all,0
16659,5,0
79276,5,0
115453,1,0
164240,5,0
162939,1,0
111964,4,0
36879,5,0
162171,2,0
162939,2,0
103184,2,0
30486,1,0
5219,1,0
14920,5,0
96460,2,0
96223,2,0
67936,3,149
36046,5,3
32439,1,0
145137,3,0
163290,2,0
127870,3,0
150126,3,5
83405,4,42
30927,3,0
15584,all,0
35700,1,0
135831,3,0
112600,all,0
96586,3,0
84811,3,0
151326,2,0
31299,1,3
148112,3,0
127081,1,0
137592,2,0
146043,1,0
77161,3,0
57274,1,0
91405,2,0
727,all,7
58372,all,0
33037,all,0
121081,2,0
17667,5,0
97819,all,0
92873,4,0
93187,2,0
7716,all,39
33037,1,0
118249,3,0
132849,all,55
16109,1,0
46750,3,0
28810,5,4
31299,all,60
55948,5,0
75871,2,1
12905,2,0
27195,4,27
15257,1,0
50374,2,0
127807,4,0
145050,4,0
112600,1,0
84988,2,0
110617,2,0
53116,all,0
151025,5,61
132570,4,0
167001,4,2
131442,all,0
99904,5,0
14471,1,0
89362,3,0
145137,all,0
130699,1,0
81520,2,0
121232,5,0
50470,1,0
48277,all,0
143583,2,0
54790,1,0
8477,2,0
156560,5,0
131742,3,0
162171,3,0
118249,2,0
135090,4,0
39412,4,0
58462,3,0
113389,3,0
136956,3,3
113465,all,4
129257,4,10
128284,4,0
123499,4,0
29631,all,0
42004,all,0
113308,5,0
78958,5,0
135072,2,0
147255,all,2
123928,3,5
25455,1,0
71389,3,0
154911,1,0
144540,2,0
5303,4,0
99211,1,0
154203,2,0
54511,5,0
16434,3,0
94366,4,0
78476,4,0
136956,4,1
19869,4,2
145269,4,0
40255,2,0
166068,1,0
125563,5,1
49540,5,0
106714,all,18
124666,4,5
91261,2,0
148112,2,0
142422,all,5
118234,2,0
84923,4,39
83405,3,116
111406,4,13
45190,all,0
78286,4,0
13013,2,0
109771,3,0
146070,1,0
10949,1,0
24264,5,0
19170,2,0
158171,5,1
32484,4,0
45223,5,0
142683,1,0
143003,2,0
82105,5,0
61695,1,2
141369,3,0
120271,2,0
148275,1,0
161238,all,74
91291,1,0
14393,5,0
54717,5,0
11921,4,0
113881,2,0
134336,5,70
17667,4,0
23571,2,0
125581,2,4
84988,3,0
153591,all,7
113161,2,0
154641,4,0
28026,2,0
162006,1,0
131379,5,0
163074,1,0
156702,1,0
135273,1,0
106363,1,0
127870,4,0
125899,1,0
52711,1,0
121081,5,0
9089,5,0
40693,3,0
51262,3,0
77290,1,0
138840,1,1
12940,5,0
14471,2,0
113275,1,0
94171,4,0
103390,3,0
120271,5,0
24222,2,0
34774,1,0
24018,all,0
81343,1,0
33796,5,0
47134,3,0
155418,5,0
45247,2,0
71152,3,0
9827,1,1
56797,4,0
80251,all,0
154386,5,0
121033,all,0
152787,all,0
9689,4,0
121195,3,0
52564,3,6
131676,3,0
10991,all,0
131934,1,0
104536,2,0
38638,3,0
151251,3,0
79132,5,0
93019,4,8
80062,5,0
142680,all,0
9590,1,0
79276,3,0
56647,all,0
144540,5,0
66811,5,0
135921,4,3
71947,1,0
17392,all,0
36879,3,0
51316,5,0
81034,4,0
147186,all,0
14920,3,0
14960,3,0
144561,5,0
48352,3,0
17946,5,1
36589,all,0
74479,4,0
119041,1,33
151776,all,1115
43429,4,7
107578,4,0
81145,5,0
124111,3,2
131676,1,0
42652,1,0
94156,1,0
60096,4,0
8477,all,0
42004,2,0
58630,4,0
121033,2,0
62502,all,0
60109,3,0
23799,4,3
96586,5,0
85177,4,0
13282,4,33
167376,all,0
118249,all,0
50485,2,1
33133,5,0
132849,3,4
120397,1,0
30486,3,0
102362,5,0
24867,all,0
60163,3,111
130780,5,0
94666,3,4
57271,1,0
156561,all,0
161850,all,1
39190,all,0
49885,3,0
72136,2,17
68377,5,0
43918,4,0
123166,5,0
150003,1,0
99376,all,23
66220,3,0
118750,2,0
8393,2,0
29542,3,0
135963,4,0
126061,3,0
80251,4,0
3435,2,101
141885,5,0
56797,all,0
31713,2,0
107567,5,0
152331,all,0
29271,1,0
65836,1,0
42301,5,0
149598,1,0
160181,2,0
126046,all,0
107446,all,41
38647,3,0
84586,3,0
81229,all,1
43162,all,0
30513,1,0
45190,3,0
150453,all,0
81356,4,0
35911,1,0
11255,1,0
43162,2,0
99376,3,5
44815,4,0
17731,1,0
40207,4,0
101896,3,0
131676,4,0
41884,4,0
82025,1,0
127807,1,0
66220,2,0
4044,3,1
75949,5,0
142782,5,0
136722,5,0
38716,1,0
105784,4,0
47605,all,0
32019,3,0
86122,2,0
28111,5,0
161378,4,249
57493,5,0
150453,3,0
166938,2,0
58366,2,0
127693,5,0
67435,4,0
164240,3,0
130696,4,0
99019,5,11
17731,all,0
65567,2,0
148272,3,1
167715,4,13
165969,3,0
135831,2,0
63718,4,0
28113,3,0
24264,3,0
111406,all,51
134469,2,9
12223,4,0
58552,4,134
150453,4,0
50485,3,2
94046,4,0
82105,3,0
141395,3,0
123628,all,42
105613,all,11
70474,all,0
163088,all,0
75871,1,0
17754,2,0
14321,5,0
147255,4,2
30378,all,0
88432,2,0
70810,4,2
16109,2,0
31713,3,0
154641,2,0
155708,5,0
65494,all,0
58959,5,0
25986,5,0
150905,2,0
78958,all,0
30444,4,0
60364,5,0
72136,all,161
34270,3,0
144420,5,46
71356,5,0
61540,1,0
9215,2,0
80251,3,0
46750,5,0
3279,4,0
39190,1,0
33166,1,4
115207,2,0
300,3,28
167001,all,2
129499,1,0
41590,3,0
15413,2,0
164346,4,0
78958,1,0
113035,4,0
40693,all,0
71152,5,0
156560,4,0
99904,3,0
162833,3,0
11255,4,0
77290,all,0
137244,all,0
81229,2,0
158388,2,0
17523,3,0
43429,all,18
84811,4,0
3654,4,0
93019,2,1
50389,5,0
70522,1,0
164666,2,0
93808,4,0
25455,2,1
30174,4,0
47557,3,0
135033,1,0
9595,3,0
165981,5,0
166581,5,0
97819,4,0
57493,2,0
93187,5,0
19869,5,5
66811,4,0
2274,5,0
62940,5,12
133659,2,1
17392,4,0
87181,3,0
135921,all,3
69106,4,0
92098,5,0
35788,1,0
17358,all,0
14207,1,7
164436,3,0
149832,3,2
56764,2,0
145308,5,0
140793,all,0
130318,all,0
16434,5,0
149712,all,0
12485,2,2
152949,all,26
12223,3,0
54469,4,0
122044,1,0
9707,2,0
13049,all,0
39796,3,0
161238,4,27
535,5,0
8230,all,0
99577,all,17
22344,5,0
59740,all,0
104800,all,0
102362,3,0
131451,all,0
44580,3,0
42004,3,0
79192,2,0
8267,3,0
151326,1,0
9659,1,0
107578,1,0
70444,2,0
37060,5,175
77161,4,3
107596,2,0
25995,5,0
45247,5,0
75871,5,0
82840,all,3
145968,1,0
30444,1,0
147420,2,30
26427,2,0
10931,3,0
53110,3,0
85339,3,0
126061,5,0
103855,3,2
42355,5,0
155418,all,0
141885,3,0
60061,1,0
36223,1,0
150834,1,0
121016,5,0
109945,3,0
128749,4,9
86153,all,0
35134,5,10
152949,2,0
105865,1,1
59596,4,0
121081,3,0
149712,4,0
108265,all,0
136692,5,0
17610,all,0
53830,5,0
21399,1,24
38695,2,0
42093,1,1
104764,all,0
30940,3,0
78346,all,0
80575,3,0
88432,5,0
59311,3,0
141207,5,3
108958,2,0
144273,2,0
28174,4,0
107596,3,0
30442,5,0
49732,3,0
146679,1,2
26115,1,0
9215,all,0
110617,all,0
14399,2,0
92827,3,0
121195,5,0
29262,3,0
106634,1,0
9595,4,0
111949,3,0
113161,5,0
10949,all,0
99706,3,0
122173,5,0
86122,4,0
144561,4,0
87181,4,0
8207,4,0
57079,5,0
114172,1,0
80701,all,0
30951,4,0
121630,4,4
8426,3,0
70012,3,0
92536,1,0
167715,2,21
71449,2,0
5949,3,0
85291,2,0
62479,3,0
86218,2,0
38638,1,0
164703,1,0
29631,5,0
70444,3,0
80611,all,0
143003,all,0
15584,2,0
79645,5,0
9964,4,0
54886,5,3
55957,5,0
8903,4,0
104890,3,0
96025,5,0
103198,5,0
120685,5,0
109336,4,0
144540,all,0
84556,5,0
131442,4,0
100015,5,0
132570,all,68
44580,1,0
82606,5,0
53446,2,0
87082,2,0
61561,5,0
101615,4,4
113881,1,0
62479,all,0
111964,5,0
24378,4,0
60163,5,76
116314,2,0
88120,2,0
81145,3,0
100267,5,33
136668,1,0
62479,2,0
12104,1,0
49885,5,0
117691,5,0
42853,1,0
102094,all,0
57943,all,0
147186,1,0
81466,3,0
43918,1,0
92137,all,4
54781,5,0
3279,2,0
33388,2,0
167391,4,0
38182,4,0
26679,3,0
106363,2,0
132465,1,0
32782,1,0
57943,5,0
148668,2,4
52645,1,0
125581,5,2
17523,all,0
84634,4,0
125935,3,0
51262,4,0
39412,1,3
90367,5,0
78472,1,0
109390,5,0
17731,2,0
167349,5,0
94193,3,0
144273,1,0
83405,all,241
105436,1,0
55608,4,8
109532,4,0
79531,2,0
34894,2,0
146001,4,0
138840,all,18
42829,5,0
96283,5,0
32019,4,0
100267,all,91
50887,1,76
58552,1,326
57493,4,0
116248,4,18
52678,4,0
105932,2,6
91226,5,0
103330,3,0
30486,all,0
137592,all,0
136034,1,0
61561,all,0
149832,5,12
125935,2,1
132570,5,0
119596,2,0
77017,3,0
109771,4,0
53110,all,0
94666,4,1
51412,all,15
103198,all,1
120238,4,0
57493,3,0
47230,4,0
124666,all,5
60133,5,0
133659,3,0
8230,2,0
55957,all,0
51412,1,5
57274,3,0
54469,2,0
79645,all,0
80062,2,0
22938,1,0
34894,5,0
87277,all,0
116314,3,0
86311,2,0
147420,all,357
91804,2,0
9215,5,0
113389,2,0
82894,4,0
16109,3,0
40207,1,0
78365,2,0
111931,1,0
113035,all,0
57268,3,0
93881,2,0
15413,5,0
140438,5,0
34078,1,0
103267,2,0
45247,3,0
24615,all,0
65271,all,1
106714,4,10
90545,4,99
54511,4,0
89362,5,0
34108,all,0
55159,5,5
152784,2,0
166875,4,0
124111,2,0
81520,4,12
103855,5,1
35134,all,47
73531,1,0
50470,3,0
119563,all,1
99049,5,0
142614,3,0
52381,1,0
102811,all,0
139254,4,0
17667,all,0
134391,5,9
29751,4,0
162744,all,1
159483,5,0
131742,1,0
104764,5,0
39412,2,1
58462,1,0
31683,4,0
58119,5,0
45247,all,0
53830,all,4
41655,3,193
15170,5,1
47335,2,0
123499,2,0
124111,all,10
162744,5,1
162900,3,0
159354,4,0
89185,1,209
13085,4,0
39133,2,0
123928,5,14
25455,3,0
114538,3,0
48262,1,0
5219,2,0
165969,4,0
30574,all,0
154815,5,0
79996,3,0
38341,4,0
167376,3,0
55159,all,21
8230,5,0
58399,4,0
146967,1,4
59311,all,0
82846,4,6
9827,2,0
70810,2,2
24679,5,0
14663,5,71
30918,all,0
121630,2,0
166581,3,0
29262,all,0
150087,1,0
60109,all,0
133962,2,0
147669,2,0
145308,all,0
162840,1,0
120271,4,0
86218,4,0
65494,3,0
122488,all,0
164346,3,0
164403,all,0
535,all,0
91405,1,0
102476,1,0
9590,4,0
154386,4,0
122044,5,0
21570,3,0
164631,1,0
166167,2,1
120685,3,0
24528,5,30
85852,4,1
127870,5,0
138006,2,0
59596,1,0
133980,4,0
31275,all,0
57886,1,5
140793,5,0
143583,5,0
45268,3,0
36565,1,0
96223,1,0
61558,1,0
135033,all,12
20499,2,0
127534,1,0
13282,5,5
17358,3,0
139959,1,0
88120,4,1
164286,3,0
9611,4,0
152784,1,0
103390,1,0
154002,3,0
100126,all,0
32439,4,0
30513,4,0
81343,3,0
85291,1,0
167391,2,0
108874,2,0
94193,all,0
106363,4,0
8879,all,0
83563,1,0
16926,3,0
39133,3,0
131934,3,0
159483,all,0
82846,all,12
141207,4,14
79132,3,0
56806,5,0
33982,3,0
94193,5,0
148272,all,17
135072,1,0
39718,3,0
10943,5,0
131379,4,0
138606,2,0
70474,5,0
166068,2,0
105301,1,0
24679,2,0
57274,5,0
111964,all,0
118792,3,0
135153,4,0
155708,all,0
55591,5,0
31275,5,0
164406,2,0
90904,3,0
127870,all,0
167715,1,19
42391,3,0
121597,3,5
66220,all,1
78349,all,0
146967,5,17
60382,3,0
140181,1,0
65578,1,0
57079,3,0
105613,5,0
151326,all,0
24366,1,0
54886,all,8
164484,1,0
137622,4,0
8903,5,0
131742,4,0
104890,4,0
81356,5,0
60358,4,0
11068,1,2
139614,5,0
132051,5,2
51007,5,0
89009,5,0
102955,4,0
9215,3,0
109945,all,0
47340,all,0
59548,2,0
47340,4,0
154038,4,0
79645,3,0
109945,4,0
62127,1,0
11534,4,47
82846,1,0
87277,4,0
120088,4,0
3435,4,353
84556,3,0
127162,4,0
79996,all,7
106714,2,5
107567,3,0
151326,4,0
55159,3,1
103390,2,0
32340,1,0
105562,all,4
88489,1,0
42301,all,7
48352,all,0
78349,4,0
78286,1,0
65476,all,0
1765,5,0
107446,4,23
92827,4,0
83563,2,0
30918,3,0
53116,3,0
197,1,17
108475,all,0
80528,2,0
60061,all,0
17731,3,0
101896,1,0
109387,2,0
135153,all,0
13064,3,0
94193,2,0
38836,1,0
81145,2,0
55981,4,0
30574,3,0
65593,all,22
123166,all,0
85291,5,0
105865,2,3
142683,3,0
33982,4,0
1765,all,0
65476,5,0
155478,1,0
150126,all,35
86153,5,0
121630,3,1
51346,all,0
26427,5,1
109390,3,0
23671,4,0
28056,5,0
64477,3,0
64381,3,17
42355,all,0
79996,5,0
143196,5,0
39783,2,0
84763,5,0
161205,1,0
105301,2,0
30378,1,0
101615,1,0
148272,1,4
5519,3,0
65517,5,0
152439,3,0
5303,3,0
106702,3,0
144420,4,52
65023,1,0
24198,5,0
102094,4,0
53116,1,0
152331,3,0
13085,1,0
118234,1,0
84634,3,0
99577,5,1
103267,5,0
164346,5,0
61294,4,0
77314,3,0
135963,1,0
146070,2,0
91804,5,0
130733,2,0
17754,4,0
86377,2,0
63408,2,0
64477,2,0
72667,5,0
146967,all,43
90367,2,0
47206,4,0
16109,4,0
112540,2,0
157848,1,1
113242,5,0
62964,5,0
79132,all,0
85852,2,0
68440,3,0
79276,4,0
132051,all,14
139254,1,0
9964,3,0
3654,5,2
9689,1,0
17946,all,1
65578,5,0
68795,1,46
71449,5,1
19966,4,0
80251,5,0
48025,all,0
44815,1,0
36046,4,4
39133,all,0
161378,5,210
31344,3,7
33796,all,0
130168,2,0
129499,3,0
163074,all,0
129166,2,0
41158,3,4
16241,2,11
11921,2,0
120271,all,0
50389,all,0
30513,2,0
65593,4,6
163088,1,0
105802,4,0
40693,2,0
96025,2,0
140250,2,1
30918,4,0
11255,2,0
117850,2,0
133980,1,0
121033,5,0
17523,5,0
70600,5,0
24366,5,0
60391,4,0
3654,2,3
142614,5,0
38341,all,0
8426,2,0
93187,3,0
56212,2,0
117691,2,2
89257,1,0
28111,4,0
17392,2,0
94366,3,0
87181,1,0
10991,3,0
35788,3,0
130330,5,0
55948,4,0
78346,4,0
37060,4,166
164436,1,0
30378,2,0
45247,4,0
63589,1,0
59548,all,0
88924,2,0
149340,5,0
30951,1,0
158171,all,18
113929,4,3
147705,3,0
112381,all,0
90904,5,1
38797,3,0
84556,all,0
25839,5,1
143514,1,0
142418,1,128
121597,5,5
12223,5,0
23571,4,0
14321,all,0
167289,5,0
106057,2,0
39436,5,5
119563,4,1
26562,4,0
71947,all,0
151776,3,199
149712,5,0
65560,1,0
122044,4,0
24615,4,0
42004,1,0
79192,4,0
14321,4,0
77161,all,3
120238,3,0
70810,5,1
65271,1,0
25455,all,1
99920,all,0
36223,4,0
103390,all,0
17946,2,0
74479,1,0
25995,3,0
59548,4,0
130408,1,0
113308,4,0
5141,4,70
36565,2,0
131379,all,0
9689,2,0
103580,4,0
30444,3,0
148668,3,2
126046,1,0
60364,4,0
53110,1,0
87067,3,0
145284,all,0
42853,4,0
87277,2,0
71275,3,8
117850,3,0
116389,3,0
146070,all,0
91405,all,0
115207,1,0
9659,4,0
121232,all,0
152949,4,10
112729,4,0
56821,4,0
61143,2,0
139614,2,0
99577,3,0
120238,all,0
120586,3,0
16043,1,0
96688,3,0
78349,2,0
10943,all,0
13013,3,0
1765,3,0
161340,4,9
141395,1,0
147132,3,0
53116,5,0
58444,all,0
19170,all,0
99019,2,15
131379,3,0
116389,4,0
80575,1,0
138645,1,0
148668,all,21
94193,4,0
38716,all,0
111017,3,2
129166,5,0
30574,5,0
126058,3,0
142842,3,0
26079,2,0
18030,3,23
50389,4,0
70522,2,0
102811,5,0
14399,4,0
88432,3,0
139614,1,0
38095,2,0
9611,all,0
138840,4,4
165981,4,0
109336,5,0
113161,3,0
88120,all,7
67936,4,178
29631,3,0
144561,2,0
89185,all,1696
73531,all,0
87181,2,0
80665,1,0
164436,2,0
34108,2,0
31275,4,0
8477,3,0
18063,5,0
113035,5,0
111931,all,0
28086,1,0
121232,2,0
41884,2,0
104776,2,0
80078,3,0
115453,all,0
103855,all,6
167391,all,0
61102,4,0
167931,4,1
155418,3,0
96526,2,0
102362,all,0
6939,all,0
102094,2,0
145968,2,0
70490,3,0
55318,3,0
47623,1,0
166938,all,0
103267,3,0
78958,4,0
89009,4,0
26667,5,0
25839,2,0
72667,3,1
8267,4,0
82606,3,3
99802,3,21
58366,4,0
67435,2,2
77161,5,0
70444,5,0
79276,2,0
63547,5,0
120607,all,0
58399,all,0
144273,all,1
147420,1,53
56647,2,0
2274,all,0
107446,2,6
93187,all,0
70600,2,0
126175,1,0
162006,4,3
81466,5,0
143867,4,23
74794,3,0
154641,1,0
96283,all,3
63652,4,0
121597,all,11
91226,4,0
150126,4,20
40198,4,0
43429,5,0
134676,3,1
96526,1,0
97900,1,0
26655,4,0
78472,3,0
35740,3,0
13037,all,0
167349,3,0
137244,5,0
38695,1,0
97900,all,0
30940,4,0
82894,1,0
138006,5,0
71152,all,0
26290,2,0
144273,3,0
28174,5,0
17199,1,0
92827,all,0
139614,3,0
137175,5,0
113404,5,0
41158,2,0
109532,2,0
161238,1,12
130699,2,0
26079,1,0
5219,5,0
24018,5,0
42829,3,0
105784,all,0
96283,3,0
34108,4,0
9215,4,0
38830,5,0
132051,2,4
138645,5,0
73768,5,0
112381,3,0
145050,1,0
8207,5,0
70588,5,0
25986,all,0
167349,all,0
90367,all,0
113035,2,0
164346,2,0
121630,5,0
156560,2,0
95722,4,0
40693,5,0
17610,5,0
125581,all,19
88969,1,0
162875,2,0
1967,1,0
62623,5,28
133659,1,5
15170,3,8
102811,3,0
31938,2,0
96025,all,0
32340,4,0
71933,1,0
119563,2,0
100060,5,0
15584,1,0
91183,3,0
148053,5,0
135153,3,0
54790,4,0
32754,3,0
55996,3,0
164286,all,0
116314,5,0
45190,2,0
123571,2,0
113293,4,0
16109,5,0
130318,2,0
58119,4,0
88924,all,0
140181,2,0
113242,all,0
87082,1,0
34047,1,0
147185,1,0
147390,4,4
140438,3,0
136668,3,0
96688,2,0
114176,2,0
5141,2,7
80701,5,0
134676,2,0
60358,1,0
87067,5,0
113161,all,0
109336,3,0
28056,2,0
42853,2,0
140250,all,21
124906,4,4
73531,3,0
9707,4,0
24222,1,0
55159,2,4
132465,2,0
109387,all,0
65713,2,16
36844,5,0
97900,2,0
26655,3,0
126058,all,0
96283,2,0
38581,2,1
36589,4,0
147132,5,0
149943,1,0
111931,4,0
113404,2,0
18435,3,6
6939,3,0
89185,3,193
9574,5,0
94414,2,0
110617,5,0
28086,4,0
26079,4,0
103184,5,0
42829,4,0
112540,all,0
30174,all,0
46147,1,0
55966,5,0
50887,2,56
148193,4,0
105562,1,0
30654,4,0
108958,1,0
135273,2,0
151025,all,339
129257,3,20
123017,2,0
46948,3,0
132539,3,0
63589,2,0
51262,2,0
114472,1,0
65551,5,0
14663,3,120
105865,all,19
123628,2,4
90904,4,1
94156,2,0
86311,5,0
108475,1,0
143514,2,0
64381,4,33
130780,all,0
143867,1,0
130397,2,4
144561,3,0
108958,4,0
65494,1,0
27462,1,2
149340,3,0
9964,all,0
50485,1,0
126061,all,0
155478,all,0
167265,all,0
167931,2,0
47662,1,0
119098,4,0
75388,3,0
8879,3,0
166800,4,0
81229,3,0
65271,2,0
135273,5,0
60391,3,0
78365,1,0
9551,5,0
125899,5,0
10325,3,2
130408,2,1
151776,5,247
140438,4,0
34078,2,0
151025,2,38
144561,all,0
153591,4,0
127534,3,0
12940,1,0
17358,5,0
87067,2,0
106702,2,0
24264,2,0
95722,5,0
3435,1,245
13049,5,0
62940,4,28
102955,2,0
162006,2,5
81343,5,0
74794,5,0
94046,all,0
80062,all,8
66220,5,0
40198,2,0
122476,3,0
28881,1,0
109336,2,0
71275,5,0
16632,all,0
79132,1,0
54661,4,1
149943,2,0
19869,all,9
82025,2,0
154038,2,0
162744,4,0
120397,4,0
162939,3,0
50374,all,0
128749,all,20
111406,3,12
145284,1,0
33133,2,0
81356,3,0
167001,5,0
48262,2,0
113929,3,0
24018,3,0
96460,4,0
150834,3,0
99920,2,0
70474,3,0
55981,5,0
154908,1,0
49612,4,0
145137,1,0
30927,all,0
152787,3,0
16241,3,30
17574,1,0
156660,1,0
70588,3,0
123017,all,0
31275,3,0
70444,all,0
106249,1,0
42391,5,0
71947,2,0
131448,3,0
135831,1,0
8393,4,0
59590,all,1
48919,all,0
49612,3,0
81466,all,0
112381,2,0
156702,4,0
146043,3,0
134336,all,409
61143,5,0
152331,4,0
143514,all,0
14393,all,0
31491,4,5
53350,5,9
49573,all,0
79531,4,1
47557,2,0
29751,1,0
108265,2,0
51007,3,1
131835,all,0
17754,1,0
94087,4,0
18030,all,93
24528,4,23
113293,2,0
130318,4,0
52678,2,0
59311,2,0
93115,4,0
156696,all,0
162875,4,0
127807,2,0
130168,3,0
31938,3,0
49732,2,0
161850,4,1
113209,5,0
56647,1,0
26667,3,0
29271,5,0
15191,4,34
57271,2,0
87067,all,0
156659,3,0
122173,4,0
127693,3,0
130696,1,0
30513,5,0
136722,all,0
39709,1,0
60382,2,0
41590,4,3
126058,4,0
131451,2,0
92827,2,0
14663,all,423
17731,5,0
162171,5,0
91804,4,0
71356,3,0
113389,5,0
46942,2,0
38836,3,0
16235,2,0
156560,all,0
55981,2,0
24198,4,0
30915,all,0
36589,2,0
58630,2,0
54661,3,0
17610,3,0
147699,all,0
75949,1,0
93881,4,0
113404,4,0
155478,3,0
136722,1,0
144954,3,0
103267,4,0
16043,2,0
165345,2,15
77314,2,0
68077,5,51
115453,5,0
125563,2,0
72667,4,0
57997,1,0
166875,2,0
142422,3,0
131442,5,0
23160,4,0
113465,3,0
146967,2,4
141885,all,1
84763,3,0
113242,4,0
168348,1,3
133659,all,23
113404,3,0
30654,2,0
24378,all,0
150905,1,0
8474,1,0
18030,4,7
46948,5,0
132539,5,0
55591,4,0
103675,4,0
10949,3,0
38095,1,0
36379,5,0
134391,all,70
165981,3,0
138576,4,0
121450,2,0
30087,2,0
152772,5,0
113275,4,0
61695,3,7
154800,5,0
148275,3,0
47335,4,0
107567,all,0
71933,2,0
154038,1,0
156561,1,0
84988,5,0
135963,3,0
92873,3,0
142418,all,417
96586,all,0
90367,4,0
44580,4,0
79066,4,0
79192,1,0
75388,5,0
32782,3,0
150483,3,0
162006,3,1
83671,all,0
64768,4,4
60391,5,0
82846,2,2
162875,3,0
3654,3,0
32754,5,0
54688,2,0
70490,4,0
154641,all,0
52711,3,0
80701,4,0
24867,5,0
122509,1,0
68795,3,36
144420,1,48
124837,5,1
30567,all,0
34894,all,0
86122,all,0
80528,5,0
87067,4,0
14471,4,0
33166,5,3
35911,4,1
138606,5,0
60061,2,0
130733,4,0
129499,5,0
34774,3,0
52678,5,0
146001,1,0
149943,all,5
27462,4,3
16632,4,0
47134,5,0
66811,all,1
29775,4,0
71152,1,0
105784,3,0
142680,5,0
10931,5,0
46942,5,0
16235,5,0
91226,all,0
122476,5,0
54790,3,0
86953,3,0
42652,all,0
47230,5,0
1967,4,0
52381,2,0
72136,3,30
137592,1,0
15413,4,0
120286,3,0
17610,4,0
95722,2,0
35299,1,83
9574,4,0
80062,3,1
58959,2,0
167391,1,0
108874,3,0
147390,2,2
26307,5,0
136692,3,0
71947,3,0
140862,3,0
11108,5,0
14399,1,0
93187,1,0
167001,3,0
2274,1,0
148569,1,2
10991,1,0
143003,3,0
55948,1,0
14207,5,6
159483,3,0
75742,3,0
156696,3,0
28113,5,0
47134,2,0
91402,1,0
152787,5,0
30951,3,0
42652,3,0
46933,5,0
92314,2,0
10991,4,0
147705,5,0
60096,2,0
119098,all,0
88831,3,0
134469,5,18
62431,5,0
99706,5,0
166875,5,0
92188,5,0
11447,3,0
64948,5,0
26290,5,0
28086,2,0
140862,all,0
120286,2,0
107446,3,1
112729,5,0
40173,4,0
33172,2,11
74215,5,0
61294,5,0
140862,2,0
147153,all,0
86377,1,0
63408,1,0
62479,5,0
104848,2,0
67936,1,128
91402,all,0
60096,all,0
11447,4,25
81229,4,1
145050,all,0
22282,1,2
73531,4,0
40173,1,0
37645,5,35
146043,2,0
585,1,0
47151,1,0
144954,all,1
77017,2,0
153591,5,5
161850,2,0
88831,2,0
26079,all,0
35700,3,0
113209,4,0
117850,5,1
116389,1,0
46147,4,0
23160,1,0
100015,3,0
20088,4,0
61390,5,1
9659,2,0
80078,all,19
80611,1,0
91261,3,0
120307,all,0
39783,5,0
84586,1,0
47340,3,0
30513,3,0
120586,1,0
16043,3,0
96688,1,0
9533,4,0
45190,5,0
100840,4,0
162833,2,0
96460,1,0
42883,1,0
99577,4,15
15257,3,2
82025,3,0
90619,3,0
4044,5,0
23571,1,0
125581,3,7
88924,5,0
125935,5,1
135921,1,0
165981,2,0
52564,all,40
23799,3,0
113161,1,0
122173,1,0
42093,2,0
72667,2,0
147390,all,7
36223,all,0
130699,3,0
114172,5,0
113465,5,0
38758,5,0
147699,3,0
164240,1,0
162939,5,0
75706,all,5
125899,2,0
31275,2,0
12659,3,0
121417,4,0
56806,2,0
48277,1,0
83405,5,15
63718,2,0
54790,all,0
78349,1,0
136956,1,0
56806,1,0
30087,4,0
54732,3,0
21399,all,105
53350,4,69
79531,5,0
158171,2,3
5519,all,0
154908,all,0
55591,all,0
25995,all,0
76231,5,0
82606,1,0
28810,all,26
63718,all,0
40255,4,0
14207,4,13
150585,2,0
50470,2,0
149340,4,0
105436,2,6
162833,1,0
128749,1,1
131451,5,0
11534,3,4
104800,5,0
146070,3,0
34270,1,0
133962,3,0
42853,5,0
104764,2,0
120088,3,0
86377,all,0
113035,1,0
28810,1,7
39436,1,0
105932,1,0
70588,4,0
65713,1,16
112600,5,0
32484,all,0
123499,all,0
12104,all,0
120586,2,0
151025,1,100
78472,5,0
99904,1,0
61540,4,0
68795,2,13
167349,1,0
147132,2,0
26622,1,0
12104,2,0
40207,all,0
48025,1,0
154815,all,0
64381,2,29
93881,5,0
157848,all,3
60133,2,0
86953,1,0
26679,4,0
166581,all,0
90619,4,0
54790,5,0
50389,3,0
137622,5,0
68077,4,94
55750,3,0
65567,5,0
102955,all,0
40693,1,0
114538,4,0
134676,all,4
138840,3,12
38830,3,0
132051,4,1
79276,all,0
147669,5,0
19914,2,2
88831,all,0
24222,4,0
54781,all,0
13112,4,26
38182,1,0
81244,4,3
114472,4,0
39718,4,0
9827,3,0
103675,5,0
54511,1,0
40438,5,0
121450,1,0
49573,1,0
8230,3,0
124906,5,0
41884,1,0
94087,3,0
34047,4,0
38647,2,0
61102,all,1
108475,3,0
147390,1,0
60391,2,0
83671,1,0
100060,3,0
8474,4,0
71356,all,0
114472,all,0
81145,1,0
9590,3,0
55608,1,0
38836,all,0
120307,2,0
158171,1,1
119098,3,0
44580,5,0
30567,1,0
53140,1,0
61695,5,18
8267,5,0
111931,5,0
34047,3,0
64768,5,0
48352,1,0
16926,all,0
119041,3,118
56764,3,0
42093,all,97
52645,4,0
23671,all,0
69115,5,0
16926,2,0
108265,1,0
24615,3,0
22108,4,8
33982,all,0
162006,5,1
148193,5,0
60604,all,1
106057,4,0
60109,1,0
36223,3,0
130699,all,0
58366,1,0
168348,all,52
31344,4,8
126046,5,0
35134,3,11
13037,3,0
52711,5,0
7716,2,0
142680,4,0
36844,3,0
26655,5,0
145968,all,0
20166,4,0
65479,3,0
58119,1,0
52381,3,0
138606,3,0
30940,5,0
127162,1,0
34774,5,0
102478,4,0
18435,1,1
52678,3,0
113404,all,0
162744,1,0
136017,2,0
121232,4,0
28113,2,0
73768,3,0
139614,all,0
127162,all,0
154386,1,0
130408,all,16
71005,5,17
51316,2,0
161340,3,0
147705,all,0
75949,all,2
56845,3,0
46933,all,0
131934,5,0
77419,3,0
38797,5,0
80575,all,0
12485,3,0
114811,5,0
76240,4,0
129257,5,20
19914,1,0
112729,2,0
75949,2,0
138606,4,0
24679,1,0
38758,4,0
26307,3,0
14663,1,82
70012,5,0
38716,2,0
150087,5,0
71449,4,2
136668,all,0
39796,5,0
35911,3,0
162840,5,0
72952,5,0
43162,5,0
99376,1,0
143867,3,0
92188,4,8
144561,1,0
8933,2,0
167376,2,0
27462,3,11
129499,2,0
42652,5,0
66220,4,1
28026,3,0
60391,1,0
75706,4,3
11921,all,0
56797,1,0
79531,3,0
76240,all,0
81229,1,0
166875,3,0
61540,5,0
53140,2,0
78365,3,0
60382,5,0
9551,3,0
150453,1,0
164535,4,0
120397,5,0
28810,2,4
158387,5,0
16632,3,0
24378,2,0
131451,3,0
727,3,0
9089,3,0
61285,5,31
75742,all,0
97819,3,0
3435,3,249
117691,3,8
133962,5,0
118249,5,0
42853,3,0
135090,1,0
22282,4,9
35788,2,0
110906,5,82
91291,4,0
99802,1,37
70588,2,0
9754,all,0
36844,4,0
133962,all,0
142782,3,6
29262,2,0
65479,4,0
147132,4,0
53446,3,0
94193,1,0
99706,2,0
59596,all,0
93115,1,0
58399,1,0
63922,1,0
300,4,39
97672,1,0
93881,3,0
113929,1,0
5949,2,0
70474,1,0
46948,all,0
58552,3,364
96223,all,5
77314,all,0
63652,2,0
105932,4,10
79132,4,0
62127,2,5
120697,all,0
55318,4,0
31275,1,0
12659,4,11
41590,1,0
131934,all,0
148272,2,4
18958,3,0
114472,2,0
39718,5,0
127807,all,0
154386,all,0
164666,1,0
14291,1,0
77017,5,0
26427,3,0
71389,5,0
71005,2,24
85339,2,0
9590,all,0
147255,3,0
120347,3,0
64477,5,0
15191,5,22
57493,1,0
122488,2,0
143196,3,0
18063,4,0
147699,5,0
105613,1,0
142614,4,0
56821,5,0
58372,4,0
34894,3,0
111949,1,0
114811,all,0
51007,1,0
17754,3,0
75388,2,0
9595,1,0
56845,4,0
45223,3,0
65836,all,3
113389,4,0
71005,all,81
91261,all,0
18435,4,5
59311,4,0
9611,1,0
9551,4,0
84811,1,0
57268,1,0
33388,5,1
119563,1,0
26115,2,0
105802,2,0
165969,all,0
24183,all,0
1967,all,0
150360,2,0
120347,2,0
88969,4,0
29631,2,0
3024,4,0
96586,2,0
123166,4,0
55981,all,0
114172,2,0
110680,1,0
54717,2,0
45223,all,0
16241,all,115
116878,5,0
130733,all,0
35911,all,4
138576,5,0
107245,2,1
38836,5,0
48025,2,0
48352,4,0
30567,4,0
24183,3,0
141369,2,0
19966,all,0
41655,1,77
163290,1,0
61102,5,1
13013,all,0
75742,2,0
16043,4,0
28026,all,0
162900,5,0
165345,4,25
7716,3,4
145968,3,0
22338,1,0
79996,1,0
131676,5,0
84763,1,0
109387,1,0
11534,all,64
54388,5,83
77419,5,0
10325,4,1
140661,all,0
41860,1,0
63652,1,0
151739,2,83
96526,5,0
55996,4,0
94414,1,0
24174,all,0
154203,5,0
165981,1,0
51316,3,0
150087,3,0
62940,1,0
137622,all,0
81196,1,0
99802,all,129
32715,1,0
52372,3,0
113275,2,0
130330,3,0
115207,all,0
14960,5,0
111017,2,1
71356,2,0
154038,3,0
9425,all,9
68377,2,0
78346,1,0
107596,1,0
105613,2,6
99577,1,0
30442,2,0
74215,2,0
142842,all,7
65551,4,0
65476,2,0
94414,4,0
120307,1,0
26115,3,0
66811,2,1
79018,1,0
75706,2,0
9089,2,0
140250,1,3
122044,3,0
92536,2,0
130780,2,0
79192,3,0
9595,2,0
50887,4,205
104536,all,0
147185,4,0
138006,4,0
65567,all,0
60604,4,1
151251,4,0
57886,3,7
3654,1,5
160181,5,0
143583,3,0
45268,1,0
150516,1,0
93881,all,0
167931,1,0
116809,3,0
146001,all,0
90904,2,0
12905,all,0
37645,1,53
13282,3,80
727,5,3
116749,4,0
29271,4,0
91804,all,0
15257,all,4
56212,5,0
94046,1,0
76240,2,0
154908,4,0
9551,all,0
123499,5,0
18435,all,13
29775,2,0
55750,all,2
9964,2,0
30444,5,0
29542,5,0
9533,3,0
151374,5,0
20166,5,0
73432,5,0
149364,1,0
85291,all,1
71356,4,0
62431,4,0
70270,5,0
47230,3,0
62623,4,4
102478,5,0
121016,1,0
67435,3,3
87082,4,0
35299,3,85
100126,4,0
38647,5,0
144954,4,1
136692,1,0
116809,2,0
111964,2,0
165345,1,2
116314,4,0
14399,3,0
24264,4,0
62479,4,0
143003,1,0
13112,all,88
82105,4,0
55318,all,0
58444,3,0
118750,all,0
43918,3,0
104776,5,0
120347,all,4
74794,2,0
91402,3,0
80665,2,0
142842,5,0
11987,1,0
92314,4,0
46948,4,0
114538,all,0
121417,3,0
167715,3,157
157848,4,0
11447,1,2
114811,3,0
8933,1,0
65836,2,0
152772,4,0
28881,all,0
164403,4,0
154800,4,0
84923,3,29
65578,3,0
122488,4,0
57079,1,0
150483,4,0
135477,5,0
16659,1,0
79066,5,0
65236,3,1
139959,2,0
123017,4,0
99577,2,1
127018,2,12
145308,4,0
105436,3,0
136034,5,0
137622,2,0
114172,all,0
132465,all,0
142683,all,0
70810,1,0
104848,4,0
12940,4,0
75388,4,0
101896,4,0
88888,1,0
12905,5,0
56845,5,0
19962,4,0
47335,1,0
130408,5,0
54781,1,0
79645,1,0
50374,4,0
28026,5,0
118792,2,0
31491,3,3
110617,4,0
42391,2,0
125935,4,2
65593,1,1
65560,2,0
121195,all,0
34774,all,0
84556,1,0
102955,1,0
23160,3,0
127162,2,0
105436,all,25
33166,4,10
109213,4,0
87082,all,0
80611,3,0
47230,2,0
110906,4,54
8393,3,0
23799,all,3
158388,5,0
151374,2,0
142104,5,0
27462,all,28
100267,1,19
60364,3,0
108265,4,0
65713,all,100
147153,5,0
122476,4,0
82894,2,0
136034,4,0
93115,2,0
24183,5,0
102094,1,0
57943,1,0
128284,1,0
84586,all,0
28113,1,0
102811,1,0
92188,all,11
166875,all,0
25986,2,0
124837,2,1
23799,1,0
60096,5,0
90545,2,84
166800,all,0
73432,2,0
57271,4,0
38581,4,2
95722,all,0
80665,5,0
142418,4,43
79018,3,0
62431,all,0
121232,1,0
31938,5,0
84923,1,28
131451,4,0
23799,2,0
46933,4,0
104800,4,0
64948,all,0
61558,2,0
156560,1,0
130780,4,0
137244,2,0
5303,5,0
164286,2,0
19966,1,0
77360,3,0
64477,all,0
31683,2,0
54469,all,0
52372,5,0
6572,4,9
113881,all,0
32782,5,1
22938,all,0
27195,1,1
58444,5,0
145308,3,0
33133,all,0
77314,5,0
27195,3,0
53110,4,0
30654,all,0
154911,5,0
9533,all,0
114538,1,0
120347,5,3
9089,4,0
85291,3,0
79066,2,0
137592,4,0
20088,all,0
68440,5,0
15170,all,27
147185,2,0
32869,all,44
108124,3,0
150003,4,0
118750,1,0
139254,3,0
103330,2,0
22344,3,0
120088,1,0
121450,4,0
16235,all,0
44815,3,0
21570,4,1
12905,1,0
154641,5,0
40207,5,0
115207,4,0
116749,2,0
100015,4,0
61390,4,6
99802,5,15
17574,3,0
145050,2,0
54717,1,0
81244,5,2
14714,all,0
6939,2,0
81358,1,0
126175,all,0
136722,4,0
80701,3,0
100840,5,0
140250,4,8
78476,3,0
20499,1,0
107245,1,1
80528,all,0
134336,3,144
86122,3,0
91804,3,0
166167,5,1
8474,all,0
61285,all,130
59590,2,0
41655,2,232
59311,5,0
156702,5,0
67435,5,0
92137,4,2
134391,1,3
106634,2,0
123928,2,3
135921,2,0
160181,all,0
151374,4,0
20499,4,1
63718,5,0
73768,1,0
31713,4,0
81034,2,0
151536,1,0
104536,5,0
54388,4,107
77419,4,0
116248,1,0
84988,all,0
82105,2,0
11921,3,0
89185,5,771
79531,all,1
9827,5,0
14393,2,0
109336,all,0
146001,5,0
112729,all,0
80528,3,0
106714,1,2
164631,2,0
103198,2,0
111949,all,0
94087,1,0
83671,3,0
100060,1,0
154203,all,0
61561,2,0
150483,2,0
111406,2,3
65236,5,0
78286,2,0
131448,all,0
109129,5,0
167715,all,222
119098,1,0
30927,4,0
29775,all,0
162171,4,0
52711,all,0
94666,5,1
30567,3,0
120238,5,0
130696,all,0
140661,1,0
13064,2,0
147185,5,0
8393,1,0
22108,all,62
55981,3,0
156659,1,0
70120,all,0
91405,5,0
103580,2,0
88924,3,0
60364,2,0
164406,4,0
87067,1,0
96025,3,0
164631,5,0
80078,1,3
9425,1,0
96586,1,0
140793,1,0
85177,1,0
140181,3,0
40173,2,0
41860,all,0
148112,1,0
56821,2,0
135921,3,0
41655,4,330
9590,5,0
116809,5,0
36844,1,0
155708,3,0
131835,5,0
127534,5,0
13013,1,0
162840,2,0
161850,1,0
60358,2,0
147132,1,0
43162,4,0
70270,4,0
111017,all,4
53350,all,225
13049,3,0
117850,all,1
2274,4,0
107567,4,0
62964,2,0
30087,all,0
106634,5,0
130397,5,58
111017,5,1
92137,3,1
138576,all,0
62127,3,0
120586,all,0
50389,2,0
114176,5,0
145284,2,0
84988,4,0
82105,1,0
151374,3,0
124111,5,1
127018,3,75
65713,3,11
8267,all,0
57316,3,0
107567,1,0
20499,all,1
65836,5,1
38581,1,0
63547,4,0
149961,4,129
107578,5,0
9707,1,0
32439,2,0
110680,all,11
166938,4,0
114472,5,0
59740,1,0
78286,3,0
57268,all,0
24867,4,0
138006,all,0
33172,1,17
40438,4,0
165969,5,0
61558,4,0
160626,3,0
80528,4,0
118249,4,0
77360,5,0
142614,all,10
71275,all,24
135477,4,0
129499,4,0
50374,1,0
63670,4,0
127807,5,0
535,2,0
47605,1,0
70490,1,0
78541,1,0
29775,5,0
32715,5,0
56797,3,0
14291,all,0
167715,5,12
14663,4,82
61390,2,1
147669,all,0
131448,5,0
107578,all,0
154911,3,0
14321,3,0
35700,all,0
56764,all,0
121016,4,0
54781,2,0
123017,1,0
161378,all,1222
118234,all,0
58959,3,0
108124,5,0
118234,4,0
103580,1,0
23692,3,0
197,4,23
42355,2,0
135090,3,0
162875,all,0
3654,all,10
35700,4,0
154908,2,0
111401,2,0
154641,3,0
46942,all,0
78346,3,0
61294,all,0
20088,3,0
17574,2,0
116878,4,0
150126,2,9
57316,all,0
113881,4,0
96526,3,0
36844,2,0
17667,2,0
146070,4,0
49573,4,0
129499,all,0
35740,1,0
38758,all,0
64477,4,0
78476,5,0
14471,3,0
166800,1,0
99706,4,0
106057,1,0
86122,5,0
138006,3,0
125563,4,2
159354,1,0
59590,4,1
137175,3,0
41158,4,28
25986,1,0
9964,1,0
25455,4,0
47557,5,0
154908,5,0
19962,3,0
34270,all,0
65494,4,0
17574,5,0
79132,2,0
69106,1,0
148275,2,0
38341,3,0
155478,5,0
105784,2,0
11921,5,0
32340,all,3
51346,5,0
158387,all,0
72952,4,0
117850,4,0
143196,1,0
32869,5,3
52564,1,7
133980,3,0
70474,4,0
130696,2,0
123628,4,34
101615,5,0
58372,2,0
11987,2,0
54886,2,2
135153,5,0
65517,1,0
45190,4,0
167001,2,0
36379,3,0
37645,all,345
91007,1,0
19869,1,0
24198,1,0
56845,1,0
13112,2,14
147185,3,0
3279,1,0
33388,3,0
158387,4,0
136668,5,0
5303,all,0
106702,all,0
88432,4,0
142842,2,0
94156,3,0
134336,4,70
21570,5,0
29631,4,0
143514,3,0
55303,5,0
3024,2,0
88888,2,0
161685,3,1
94366,all,0
110680,3,4
150905,4,0
109945,5,0
8474,2,0
26655,all,0
79018,5,0
132849,1,5
109532,5,0
149712,2,0
81356,all,0
138576,3,0
93808,1,0
48025,4,0
164286,5,0
81034,5,1
57271,3,0
151326,5,0
17523,2,0
149598,2,2
91183,5,0
144273,4,1
17946,4,0
38758,1,0
74479,3,0
25995,1,0
30442,3,0
113275,all,0
82840,1,1
100126,3,0
49732,5,0
7716,1,3
103184,3,0
16926,5,0
23671,1,0
58366,all,0
16109,all,0
126061,1,0
127018,5,307
58630,5,0
166167,3,0
86953,5,0
168348,5,1
18063,1,0
65836,3,0
115207,3,0
149961,2,38
33982,5,0
114472,3,0
140862,5,0
119596,5,2
10943,3,0
62623,all,61
80078,2,1
33037,2,0
147153,2,0
137649,all,0
32715,3,0
85291,4,1
161556,5,2
160626,5,0
167289,2,0
62502,1,0
130330,1,0
84763,4,0
68377,4,0
96586,4,0
61695,all,45
56764,4,0
65551,2,0
65236,4,1
39796,1,0
30951,5,0
14714,4,0
73768,all,0
30927,5,0
35740,4,0
90545,5,265
88831,5,0
75388,1,0
87277,1,0
91007,2,0
8879,5,0
104848,1,0
32019,1,0
67936,2,153
131442,2,0
26290,3,0
121450,all,0
160181,3,0
35299,2,21
152439,4,0
137175,all,0
119041,4,52
102476,4,0
65567,4,0
116878,2,0
121195,2,0
23692,5,0
31683,5,0
141885,2,0
8933,4,0
63547,all,0
41869,1,0
107596,4,0
156696,4,0
111401,4,10
13112,5,20
142842,4,7
142104,2,0
54688,1,0
55318,1,0
12104,3,0
131835,4,0
9533,1,0
74794,all,0
11987,all,0
42883,2,0
126175,2,0
53140,4,0
61390,3,2
164403,5,0
124837,all,31
42853,all,0
35299,5,100
24174,4,0
167391,5,0
82025,4,0
31026,1,0
16043,5,0
165345,3,10
154038,all,0
5141,all,130
125899,all,1
30918,5,0
74479,all,0
22282,2,0
19962,5,0
13064,5,0
86218,5,0
14960,2,0
15257,5,0
152787,1,0
96688,all,0
52645,5,0
70012,2,3
106249,3,0
5141,1,13
134676,1,0
53830,2,0
78958,3,0
71947,4,0
132570,3,0
103580,3,0
28056,3,0
52372,2,0
109213,5,0
36379,all,0
8207,2,0
135477,3,0
39796,4,0
60133,3,0
112381,4,0
132539,all,0
17199,3,0
83563,all,0
61143,3,2
45268,4,0
106249,4,0
53350,3,33
18958,4,0
5519,5,0
92314,1,0
14714,1,0
70522,3,0
42829,1,0
24018,2,0
96283,1,0
127534,2,0
109771,5,0
88120,5,6
135033,3,1
101896,2,0
50887,5,95
121597,4,0
147153,3,0
55966,all,0
103261,all,0
142422,2,2
34774,4,0
149598,4,4
78365,4,0
57886,4,36
145050,3,0
141369,5,0
91226,1,0
125935,all,4
14393,3,0
15413,3,0
149832,1,5
141395,all,0
113389,all,0
140438,all,0
109213,2,0
53446,4,0
110906,2,27
46750,2,0
39783,1,0
104848,all,0
49540,1,0
164240,2,0
161205,2,0
71933,3,0
17667,3,0
30513,all,0
32782,2,6
55996,1,0
147420,5,28
146070,5,0
103855,4,1
6572,5,1
151326,3,0
31026,2,0
87082,3,0
128284,3,0
107578,3,0
41158,5,1
84634,2,0
140438,1,0
144954,5,0
77314,4,0
68077,3,34
25455,5,0
51412,5,2
90904,all,2
120347,4,0
38695,5,0
57997,3,0
103855,1,1
146967,4,18
60604,3,0
166068,5,0
28174,1,0
168348,3,28
24222,3,0
99049,1,0
113404,1,0
67936,all,763
116314,all,0
132849,4,23
128749,2,5
161238,5,9
121081,1,0
131742,5,0
71389,2,0
19966,3,0
138840,5,1
65479,all,0
25839,all,14
107245,4,12
32869,4,26
33037,4,0
150528,4,7
42093,3,14
96223,4,5
152772,3,0
38158,4,0
63547,3,0
8207,1,0
91291,5,0
116389,all,0
163088,2,0
15200,2,1
112600,2,0
127081,all,0
148112,all,0
113209,2,0
94666,2,0
74215,all,0
14714,2,0
42829,2,0
99802,2,11
46147,3,0
48919,3,0
9659,all,0
24528,3,8
146043,all,0
163074,5,0
81520,1,0
151739,4,115
128749,5,3
162875,1,0
152949,1,4
54732,2,0
70490,2,0
26307,all,0
65551,3,0
33133,3,0
66811,1,0
1765,4,0
17731,4,0
137136,1,33
92536,3,0
55303,4,0
100015,2,0
127693,2,0
38095,all,2
24378,5,0
123166,3,0
65476,4,0
155478,2,0
142680,3,0
69115,3,0
145269,1,0
39133,5,0
81520,all,13
131448,2,0
104890,1,0
48025,5,0
99211,4,1
123628,3,2
59596,5,0
60604,2,0
40255,1,0
122476,all,0
57943,2,0
4044,2,0
80062,1,1
10325,1,0
24174,2,0
65567,1,0
101615,2,0
36565,5,0
167391,3,0
113881,3,0
140438,2,0
65517,4,0
31713,all,0
130780,1,0
127018,4,96
148569,3,8
57271,5,0
161205,all,0
162744,2,0
152784,5,0
149943,5,4
113293,1,0
147186,3,0
17946,1,0
33166,all,19
165345,all,83
118792,5,0
5219,4,0
165969,2,0
10943,4,0
26115,all,0
150834,all,0
22108,3,13
112540,5,0
103198,4,1
134469,3,9
120685,4,0
161685,4,0
55957,1,0
160626,4,1
112540,1,0
55981,1,0
3024,5,0
28111,3,0
83671,5,0
52372,4,0
38158,1,0
107446,1,1
61561,4,0
85852,1,0
68440,2,0
127870,2,0
155708,2,0
116809,4,0
15200,1,2
154800,all,0
106249,2,0
103184,all,0
143196,all,0
131742,2,0
159354,all,0
108475,5,0
100267,4,8
28056,all,0
139614,4,0
32019,2,0
48352,5,0
126046,3,0
50887,3,80
136017,1,0
147186,2,0
81466,2,0
